<?xml version="1.0" encoding="UTF-8" standalone="yes" ?><cp:coreProperties xmlns:cp="http://schemas.openxmlformats.org/package/2006/metadata/core-properties" xmlns:dc="http://purl.org/dc/elements/1.1/" xmlns:dcmitype="http://purl.org/dc/dcmitype/" xmlns:dcterms="http://purl.org/dc/terms/" xmlns:xsi="http://www.w3.org/2001/XMLSchema-instance"><cp:category>Model</cp:category><dcterms:created xsi:type="dcterms:W3CDTF">2018-10-04T15:21:15Z</dcterms:created><dc:creator>Therecia</dc:creator><cp:lastModifiedBy>teboho</cp:lastModifiedBy><dcterms:modified xsi:type="dcterms:W3CDTF">2019-04-22T08:03:19Z</dcterms:modified><cp:revision>1.16</cp:revision><cp:version>R2016a</cp:version></cp:coreProperties>